,Title of Article,Date
0,Heart in the right place,08 Jan 2003 | 12:00 AM
1,So cool to be caring,16 Feb 2003 | 12:00 AM
2,"Give peace a chance, says PM",02 Mar 2003 | 12:00 AM
3,Chua: Increase in HIV/AIDS cases worrying,13 Apr 2003 | 12:00 AM
4,Taking their job SARS-riously,12 May 2003 | 12:00 AM
5,Help the morning after,28 May 2003 | 12:00 AM
6,Hospital director admits negligence,09 Jun 2003 | 12:00 AM
7,The beacon of life,28 Jun 2003 | 12:00 AM
8,Project on AIDS to go nationwide,12 Jul 2003 | 12:00 AM
9,JPJ taken to task over possible abuses in tests,25 Jul 2003 | 12:00 AM
10,HIV-positive couple make history with wedding,05 Aug 2003 | 12:00 AM
11,Check on foreign workers’ medical status,04 Sep 2003 | 12:00 AM
12,112 toddlers below two infected  with HIV,22 Oct 2003 | 12:00 AM
13,Doc’s report tendered,06 Nov 2003 | 12:00 AM
14,How the scheme works,30 Nov 2003 | 12:00 AM
15,HIV bride living happily in Shenzhen,08 Dec 2003 | 12:00 AM
16,The year of the  pre-emptive strike,28 Dec 2003 | 12:00 AM
17,Dismal GDP data leads to slide,01 Feb 2004 | 12:00 AM
18,Clear mandate for Barisan,28 Mar 2004 | 12:00 AM
19,Africa can learn from the experience of East Asian nations,08 Jan 2003 | 12:00 AM
20,Jobless man with HIV virus jailed for threatening doc,20 Feb 2003 | 12:00 AM
21,Local jokers,05 Mar 2003 | 12:00 AM
22,Ministry worried patients allowed back via causeway,24 Apr 2003 | 12:00 AM
23,Big business,12 May 2003 | 12:00 AM
24,Fag facts,29 May 2003 | 12:00 AM
25,Doctors must warn  patients about HIV/AIDS,14 Jun 2003 | 12:00 AM
26,New diseases share animal link,29 Jun 2003 | 12:00 AM
27,Easier HIV screening through anonymous testing programme,13 Jul 2003 | 12:00 AM
28,Move to get women to say ‘no’,25 Jul 2003 | 12:00 AM
29,First HIV/AIDS couple to wed,06 Aug 2003 | 12:00 AM
30,More men than women give blood,04 Sep 2003 | 12:00 AM
31,Hope for the hopeless,22 Oct 2003 | 12:00 AM
32,Curse           of the gaharu,11 Nov 2003 | 12:00 AM
33,Growing up in shadow of AIDS,30 Nov 2003 | 12:00 AM
34,Meaningful meeting,10 Dec 2003 | 12:00 AM
35,Stigma and  discrimination,28 Dec 2003 | 12:00 AM
36,Briefly,04 Feb 2004 | 12:00 AM
37,South Korean Red Cross rapped over tainted blood,30 Mar 2004 | 12:00 AM
38,Suhakam: Prison overcrowded,17 Jan 2003 | 12:00 AM
39,Community service proposed for minor offenders,21 Feb 2003 | 12:00 AM
40,China sets up pilot AIDS programme in the provinces,09 Mar 2003 | 12:00 AM
41,Of men and microbes,27 Apr 2003 | 12:00 AM
42,The other epidemic,14 May 2003 | 12:00 AM
43,Dealing with stigma of AIDS,01 Jun 2003 | 12:00 AM
44,KL deluged by flash floods,15 Jun 2003 | 12:00 AM
45,This thing called rape,29 Jun 2003 | 12:00 AM
46,Sex info hard  to get,13 Jul 2003 | 12:00 AM
47,UN warns India on AIDS,26 Jul 2003 | 12:00 AM
48,"Look into welfare of vagrants, states told",07 Aug 2003 | 12:00 AM
49,Sarawak opens rainforests to biotech study,10 Sep 2003 | 12:00 AM
50,Expert: Over one million have HIV,23 Oct 2003 | 12:00 AM
51,"58,000 HIV cases by year’s end",21 Nov 2003 | 12:00 AM
52,Financial lifeline,30 Nov 2003 | 12:00 AM
53,More educated women here,10 Dec 2003 | 12:00 AM
54,Health in movies,28 Dec 2003 | 12:00 AM
55,Alien invaders,10 Feb 2004 | 12:00 AM
56,Tests for pregnant women,01 Apr 2004 | 12:00 AM
57,'Hubby injected  'me with HIV',21 Jan 2003 | 12:00 AM
58,Injecting a look of good health,23 Feb 2003 | 12:00 AM
59,Gift of life,09 Mar 2003 | 12:00 AM
60,Invasion of miniature aliens,03 May 2003 | 12:00 AM
61,Neighbours want to  be in  the know,15 May 2003 | 12:00 AM
62,Reliving the pain and  anguish of testing positive,01 Jun 2003 | 12:00 AM
63,Differing views  disrupt AIDS meet,15 Jun 2003 | 12:00 AM
64,HIV and natural therapies,29 Jun 2003 | 12:00 AM
65,Doc's steady hand,14 Jul 2003 | 12:00 AM
66,Essay competition to involve youths in work of UN,27 Jul 2003 | 12:00 AM
67,Growing care,11 Aug 2003 | 12:00 AM
68,Making children’s health a priority,14 Sep 2003 | 12:00 AM
69,Sisterhood with a mission,26 Oct 2003 | 12:00 AM
70,On a campaign to educate,23 Nov 2003 | 12:00 AM
71,Preventive measures,01 Dec 2003 | 12:00 AM
72,Hope for poor HIV+ patients,14 Dec 2003 | 12:00 AM
73,All eyes on the US in 2004,29 Dec 2003 | 12:00 AM
74,Housewife’s negligence suit over false HIV results rejected,11 Feb 2004 | 12:00 AM
75,Struggle to  find some dignity,04 Apr 2004 | 12:00 AM
76,Furore over teen sex education,26 Jan 2003 | 12:00 AM
77,Lifeblood of medicine,23 Feb 2003 | 12:00 AM
78,Suhakam: Khalwat suspects should not be kept in prisons,15 Mar 2003 | 12:00 AM
79,Testing time for researchers,04 May 2003 | 12:00 AM
80,Possible outbreak at hospital,15 May 2003 | 12:00 AM
81,"Confessions of a dance addict, Part I",01 Jun 2003 | 12:00 AM
82,First Chinese language  AIDS manual launched,16 Jun 2003 | 12:00 AM
83,A cord of riches,29 Jun 2003 | 12:00 AM
84,Ill-prepared to stop a growing AIDS epidemic,15 Jul 2003 | 12:00 AM
85,Prison takes steps to check AIDS,28 Jul 2003 | 12:00 AM
86,Strides in development goals,17 Aug 2003 | 12:00 AM
87,Students spurn science subjects for media studies,21 Sep 2003 | 12:00 AM
88,Giving freely to humanity,27 Oct 2003 | 12:00 AM
89,A day to remember,24 Nov 2003 | 12:00 AM
90,Erasing the stigma,01 Dec 2003 | 12:00 AM
91,Ministry: More AIDS cases reported,14 Dec 2003 | 12:00 AM
92,"Prostitution of Tibetans on the rise, say activists",02 Jan 2004 | 12:00 AM
93,A statue for Magic Johnson Former star touched by gesture,13 Feb 2004 | 12:00 AM
94,News in brief,06 Apr 2004 | 12:00 AM
95,Some diseases manifest even after screening,26 Jan 2003 | 12:00 AM
96,Software turns handhelds into tools for foreign conversation,25 Feb 2003 | 12:00 AM
97,Plugging on with AIDS,16 Mar 2003 | 12:00 AM
98,How V1 works,05 May 2003 | 12:00 AM
99,Female protection,18 May 2003 | 12:00 AM
100,Mission of mercy in Chow Kit,01 Jun 2003 | 12:00 AM
101,Society becoming more tolerant,16 Jun 2003 | 12:00 AM
102,Preparing pupils for life and death,29 Jun 2003 | 12:00 AM
103,'HIV/AIDS 'battle is 'duty of 'everyone',16 Jul 2003 | 12:00 AM
104,Pak Lah: Parents the key,28 Jul 2003 | 12:00 AM
105,In memory of Jack,17 Aug 2003 | 12:00 AM
106,Chua: AIDS kills more than war or terrorism,24 Sep 2003 | 12:00 AM
107,Helping the ailing,27 Oct 2003 | 12:00 AM
108,Myths to deal with,27 Nov 2003 | 12:00 AM
109,Growing up with HIV,01 Dec 2003 | 12:00 AM
110,‘Help AIDS sufferers   lead normal lives’,16 Dec 2003 | 12:00 AM
111,"Shots, made comfortable",04 Jan 2004 | 12:00 AM
112,Before you get inked up,15 Feb 2004 | 12:00 AM
113,"Govt to pay for AIDS tests, consultations",16 Apr 2004 | 12:00 AM
114,Supermax confident of doubling net profit by year-end,12 Feb 2003 | 12:00 AM
115,Emotional health,26 Feb 2003 | 12:00 AM
116,Chua: TB killing millions yearly,26 Mar 2003 | 12:00 AM
117,Pill of hope for HIV+ people,05 May 2003 | 12:00 AM
118,Towards affordable HIV drugs,18 May 2003 | 12:00 AM
119,Culture of silence leads to culture of discrimination,01 Jun 2003 | 12:00 AM
120,Green factor,22 Jun 2003 | 12:00 AM
121,Pill of hope report 'simplistic',01 Jul 2003 | 12:00 AM
122,Malaysia starts ad campaign on water talks,20 Jul 2003 | 12:00 AM
123,Peer review,29 Jul 2003 | 12:00 AM
124,‘HIV virus  ‘infecting ‘general ‘population’,23 Aug 2003 | 12:00 AM
125,Pemadam recruiting women into its ‘army’,08 Oct 2003 | 12:00 AM
126,Sex education,28 Oct 2003 | 12:00 AM
127,Nursery rejects child of  HIV parent,30 Nov 2003 | 12:00 AM
128,Chua: Most blood donated is free  of contamination,01 Dec 2003 | 12:00 AM
129,Tree bark may be able to cure asthma,18 Dec 2003 | 12:00 AM
130,Cervical curse,04 Jan 2004 | 12:00 AM
131,Bridging the knowledge gap,07 Mar 2004 | 12:00 AM
132,Youths act out  the facts of AIDS,18 Apr 2004 | 12:00 AM
133,Matching horoscopes with condoms,12 Feb 2003 | 12:00 AM
134,Testing procedures,02 Mar 2003 | 12:00 AM
135,Abdullah: Let's fight drug abuse together,30 Mar 2003 | 12:00 AM
136,Unwelcome treatment for V1,05 May 2003 | 12:00 AM
137,Delegates walk out of  AIDS conference in protest,21 May 2003 | 12:00 AM
138,No rain nor rivers flow,06 Jun 2003 | 12:00 AM
139,Studying teen sexuality,22 Jun 2003 | 12:00 AM
140,"I feel like an outcast, says woman given tainted blood",03 Jul 2003 | 12:00 AM
141,Armed to fight against rape,20 Jul 2003 | 12:00 AM
142,Stick to the tried and tested,29 Jul 2003 | 12:00 AM
143,Calling youth to the aid of Aids,24 Aug 2003 | 12:00 AM
144,"Give guidance on sex issues, parents told",13 Oct 2003 | 12:00 AM
145,Learning life’s lessons on stage,02 Nov 2003 | 12:00 AM
146,Second chance at life,30 Nov 2003 | 12:00 AM
147,"Have a national plan, government urged",02 Dec 2003 | 12:00 AM
148,Free antiretroviral treatment for AIDS patients,19 Dec 2003 | 12:00 AM
149,"HIV diagnosis was wrong, claims woman",06 Jan 2004 | 12:00 AM
150,Asia stay focused on domestic violence,09 Mar 2004 | 12:00 AM
151,Addressing a married woman,23 Apr 2004 | 12:00 AM
152,Medical tests highly inaccurate,13 Feb 2003 | 12:00 AM
153,Jack Singh gets inaugural AIDS awareness award,02 Mar 2003 | 12:00 AM
154,Christian alliance against drugs,30 Mar 2003 | 12:00 AM
155,Estimate  ‘not cause for alarm’,11 May 2003 | 12:00 AM
156,The qi of immunity,25 May 2003 | 12:00 AM
157,USM to study if SARS linked to civet cat,06 Jun 2003 | 12:00 AM
158,Gene factor in failed diets?,22 Jun 2003 | 12:00 AM
159,Playing with the big boys,03 Jul 2003 | 12:00 AM
160,Aid for AIDS village,20 Jul 2003 | 12:00 AM
161,"Stop using arrest quotas, cops urged",02 Aug 2003 | 12:00 AM
162,Allianz set to achieve RM530mil sales,26 Aug 2003 | 12:00 AM
163,Uncertain future for Ariq,19 Oct 2003 | 12:00 AM
164,Deepavali celebrated  in British parliament,03 Nov 2003 | 12:00 AM
165,They are not alone,30 Nov 2003 | 12:00 AM
166,Do we really care?,07 Dec 2003 | 12:00 AM
167,No coercion  in blood transfusions,20 Dec 2003 | 12:00 AM
168,The return of TB,11 Jan 2004 | 12:00 AM
169,Preparing      to conceive,18 Mar 2004 | 12:00 AM
170,Getting cheap drugs to the sick,26 Apr 2004 | 12:00 AM
171,Enter the Devil,14 Feb 2003 | 12:00 AM
172,Movie wows Viets in the city,02 Mar 2003 | 12:00 AM
173,SARS is a different situation,10 Apr 2003 | 12:00 AM
174,AIDS expert to help design SARS drug,12 May 2003 | 12:00 AM
175,Emphasis on prevention,26 May 2003 | 12:00 AM
176,Patenting SARS?,08 Jun 2003 | 12:00 AM
177,A healthy approach to antibiotics,22 Jun 2003 | 12:00 AM
178,StanChart’s social service,04 Jul 2003 | 12:00 AM
179,14 Thais commit suicide daily,22 Jul 2003 | 12:00 AM
180,New approach to contain spread of AIDS,03 Aug 2003 | 12:00 AM
181,HIV/TB co-infections up,27 Aug 2003 | 12:00 AM
182,Over 300 HIV victims detected  in Sabah,22 Oct 2003 | 12:00 AM
183,Break the silence,04 Nov 2003 | 12:00 AM
184,Medication costs,30 Nov 2003 | 12:00 AM
185,Let’s do more to fight  AIDS and aid sufferers,07 Dec 2003 | 12:00 AM
186,Sexy Santarinas giving out condoms,23 Dec 2003 | 12:00 AM
187,Want a screen test?,11 Jan 2004 | 12:00 AM
188,The mutant threat,28 Mar 2004 | 12:00 AM
189,Ministry signs MoU with Clinton Foundation,01 May 2004 | 12:00 AM
